{
  "model_path": "nsl_model.h5",
  "output_shape": [
    64,
    36
  ],
  "dominant_class": 28,
  "unique_predictions": [
    9
  ],
  "biases": [
    -0.0348808653652668,
    0.022409755736589432,
    0.013229208998382092,
    -0.02112133614718914,
    0.018211498856544495,
    -0.018056591972708702,
    -0.01579808071255684,
    -0.05385344475507736,
    0.0002357291814405471,
    -0.024195274338126183,
    0.015203391201794147,
    0.058577388525009155,
    -0.03164084255695343,
    0.018055709078907967,
    -0.05448666587471962,
    0.022731861099600792,
    0.023588543757796288,
    -0.024901065975427628,
    -0.059022367000579834,
    -0.007592137437313795,
    0.0005625794292427599,
    0.054445214569568634,
    0.02395147830247879,
    0.07037980854511261,
    0.06431829184293747,
    -0.09294048696756363,
    -0.06422232836484909,
    0.05749807134270668,
    0.11338414251804352,
    -0.02852654829621315,
    -0.05301881954073906,
    -0.014126881957054138,
    -0.0795251876115799,
    0.036624662578105927,
    0.006473897024989128,
    -0.031000863760709763
  ]
}